时间戳记,Name,Phone Number,"Short description about your art, medium, approach, topic of interest",What equipment will you bring into the studio? ,What equipment do you need from Yituo studio? ,Instagram Handle,Portfolio Link,Open House Visiting Hour,Are you willing to participate in the final group show?,What do expect from us?
2026-9-22 上午07:54:36,Alison Tiao,9086169211,"I’m a photographer with a focus on brands campaigns and editorials. I’m also working on fine art photography, which I aim to show in galleries.","2 continuous lights, tension rod backdrop (3 tier), backdrops, lighting modifiers, ","Lights, Speakers, Books",@alison.t.photo,https://alisontiao.com,9/25 Friday 5pm,Yes,"I hope to expect a clean, large space for photoshoots. And hopefully a like-minded community of artists to collaborate with!"
2026-9-22 上午08:13:52,Xing Chen,3477035816,"My practice spans photography, video, and installation, exploring light as a way to examine presence, absence, memory, and liminal states. I often work with overexposure, artificial light, and moving image to create environments that shift between visibility and disappearance.","Camera equipment, lenses, laptop, external hard drives, small LED lights, light stands, and basic photography/installation materials.","Lights, Printers(2d&3d, materials not included), Projectors",,,9/26 Saturday 5pm,Yes,
2026-9-22 上午08:35:32,Chloe,9296418808,Photography,Godox AD600Pro x1,Lights,chloeeege,chloege.com,9/25 Friday 5pm,Yes,
2026-9-22 上午08:38:43,Tianqi Luo,7405079720,I am a New York based freelance writer and translator. I also am interested in sculpture art and digital art. I studied East Asian Languages and Cultures at Columbia University and a masters in digital humanities at University of Cambridge. I’m exploring the interdisciplinary approach to combine Asian literature with art in different medium.,"I have my DJI cameras, I also have canvas for painting, and potentially material to use for sculpture work.","Printers(2d&3d, materials not included), Coffee",allergic_to_mango,N/A,"9/25 Friday 5pm, 9/27 Sunday 5pm",Yes,I’m interested in meeting new people and learn from other artists.
2026-9-22 上午09:38:52,Sarah Lou Haddad,6465312334,"I’m a video/performer/sculptor, making art about the divine feminine and archetypal understandings of such. My practice is research based and deeply embedded in art history as well as the internet as a constellation of images. I’m hoping to branch more into using open source technology/programmable screens (I love screens). I like to play with minimalist shapes, objects and monuments within the context of a feminist video art language and the combination of the two. Currently I’m hoping to explore belly dancing, its history, and sexualization on the internet. ","Tons of cameras of different kinds, wires, projector, tripods, random assorted art supplies, a small couch… stuff like that! ","Cameras, Lights, Printers(2d&3d, materials not included)",@fresh_laundr_y,https://docs.google.com/presentation/d/1qdcA-uu_pqlYr7hwWBRQe1bpg8e4lzUq/edit?usp=drivesdk&ouid=101203732195665307311&rtpof=true&sd=true,9/27 Sunday 5pm,Yes,"Community, space, and understanding! I’m looking for like minded artists to help me through. I’m happy to share more work samples - I just included a few with links to my video work as well. "
2026-9-22 上午10:47:33,Xinyu,6466916898,Oil paintings ,Canvas,"Lights, Coffee",Wo Xinyu,woxinyu.com,9/25 Friday 5pm,Yes,"I expect to use the studio about once a week, mainly for oil painting. Good light is especially important to me. I’d also like to hang and store several paintings, occasionally work on larger pieces if space allows, and bring a curator, gallery representative, or client for a scheduled studio visit from time to time."
2026-9-22 上午11:43:43,Abigail Ford,724-321-1050,"My name is Abigail Ford - I am an artist, art director, and photographer. I specifically work in the realms of fine art, editorial, still life and fashion with the subconscious mind as the running through-line of the visual/audio/sculptural world I am trying to build. Within the next year, my aim is to bring that world into the physical realm through curation, spatial, and experiential design. ","Lighting equipment, seamless, limited objects/furniture for shooting, my own personal camera equipment. Probably a lot of books and magazines as well.","Lights, DJ Station, Speakers, Printers(2d&3d, materials not included), Projectors, Coffee, Books",@abigaildianeford,https://abigaildianeford.com/,"9/25 Friday 5pm, 9/26 Saturday 5pm, 9/27 Sunday 5pm",Yes,"Space, community, and inspiration."
2026-9-22 上午11:56:54,Molly Milkers,1-317-750-7055,I work with water based spray paints and acrylics / mixed mediums of collages ,"All my canvas, paints, and remaining pieces and prints from my previous portfolios ","Cameras, Lights, Printers(2d&3d, materials not included), Books",@molly.milkers,In process of finalizing - please request via email ,"9/26 Saturday 5pm, 9/27 Sunday 5pm",Yes,Kindness and support 
2026-9-22 下午12:48:22,Chad ,917 826 7659,Photography / portraiture,Camera ,,@communa_k,,,Yes,Space to create photos
2026-9-22 下午01:05:19,Marshall Wang,6616008820,"Hello! I haven’t been making much art lately, but I’m finding my way back to my creative practice. Here’s a little about my background and what I’m working on:

//
Marshall Wang Meixuan (b. 1999, Shenzhen) is a Chinese graphic designer and art director based in Brooklyn, New York. Her practice spans moving image, installation, publishing, interaction design, creative technology, and visual systems. Working across aesthetics, simulacra, networked media, and identity, she creates synthetic yet intimate experiences that examine post-digital culture, technological infrastructure, and the politics of imagery.

Marshall holds an MFA in Design and Technology from Parsons School of Design and a BFA in Graphic Design from California Institute of the Arts. Her work has been exhibited or presented at Pioneer Works, Recess, Flowing Space, IIDRR Gallery, Boston Cyberarts Gallery, MIT Media Lab, CultureHub / La MaMa, and the National Gallery of Denmark. She is the co-founder of Sequence Giftshop, an artist collective exploring gestures of care through independent publishing and object making.

//
I’m currently working on an ongoing project, Prayer on the Internet, which takes the form of a publication. I’d like to develop it into an installation, exploring how its imagery might translate into a spatial experience. The exact form is still open, but I envision an image-driven, screen-based work.",We can discuss abt this part but here's what i have in mind currently: A desk(if there isn't any). Painting supply. A monitor. ,"Cameras, Printers(2d&3d, materials not included), Projectors, Books",@marshall.obj,"www.marshallwang.studio (my art website is currently in progress, this is more for the design work, sorry;p) )",9/25 Friday 5pm,Yes,"As I return to my personal creative practice, I’m looking for a space where I can focus on my work, connect with others, and grow. I’ve missed working alongside other artists, and this feels like a great opportunity to be part of a creative community again. I’m coming in with an open mind, hoping for good conversations, fresh inspiration, and collaborations that develop naturally."
2026-9-22 下午01:20:20,Rebeca Zimmermann,8015998601,I do surrealist oil paints and am currently working on a series of paintings focused on uneven/surrealist space perspectives and emotional introspection.,"Oil paints and other painting supplies (brushes, gesso and oils), canvases, painting carts and easels",Lights,@rzimmerart,Www.rebecazimmermannart.com,9/26 Saturday 5pm,Yes,"I love having a creative space that I can share with others, so a space to be able to paint and share ideas is ideal! "
2026-9-22 下午01:26:04,Raquel Ortiz,5167612042,Fashion brand blending high fashion with alternative/night club aesthetics. ,Home sewing machine/ mannequin,Coffee,@amorydinero.newyork,https://amorydineronewyork.com,9/25 Friday 5pm,Yes,"I’d expect the studio to be a respectful, clean, and collaborative environment. "
2026-9-22 下午01:55:28,Manu,332-269-5989,Movement artist - specialised in dancing & choreographing in heels,Dancers & videographer(s),"Cameras, Lights, Speakers",manurodrigvez,www.instagram.com/manurodrigvez,"9/25 Friday 5pm, 9/27 Sunday 5pm",Yes,
2026-9-22 下午03:07:39,Mengxi Zhang,3473264436,"I am working on my thesis illustration with acrylic and gouache. I also work with metal and ceramics, focused on visual storytelling that portrays the truthful view on modern life and balancing the flashy city life between the inner zen.","Canvas, art stand, paint, DJI pocket3","Cameras, Lights, Printers(2d&3d, materials not included), Projectors",@lauriencove,mengxiart.com,9/27 Sunday 5pm,Yes,Likeminded peers that inspire each other
2026-9-22 下午03:13:22,Liz Eagles,7077914544,"I make sculptural paintings out of stained glass, oil and acrylic paints, found objects, and wood. Currently working on a series of pieces that takes inspiration from wrought iron and architectural motifs seen on nyc apartments.","Stained glass soldering and cutting materials, wood working tools (happy to share what I have with other studio mates), paints, hand tools. ","Cameras, Lights, Coffee",@elizabetheagles_art,Elizabetheagles.com,,Yes,"A communicative and friendly environment, I am very open to sharing tools I have and forming connections with fellow artists! I can’t do any of the open house dates but could do any day next week or 9/23 after 6."
2026-9-22 下午03:52:34,Ben Griffin,646-920-0085,Kinetic sculpture focused on anatomy/biorealism and cybernetics,"3d printers, electronics lab, video lights, tools",,@bwebgrif,https://ben.space,,Yes,Community and sharing ideas
2026-9-22 下午04:25:52,Samantha Feliciano (Princesa),2032185640,"Musician (harpist/vocalist), composer, producer, audio engineer
Interested in dance, music rehearsal, audio recording and mixing and other experimental visual art with film ","Harps, microphones, cables & auxiliary audio","Cameras, Lights, DJ Station, Speakers, Printers(2d&3d, materials not included), Projectors, Coffee, Books",@dreamofprincesa,,"9/25 Friday 5pm, 9/26 Saturday 5pm",Yes,A beautiful space for music! 
2026-9-22 下午05:42:39,Nolan ,7817383565,I am a multi media artist that makes portraits of ocd and the underground rap scene/fashion,"A lot of paint and biggg canvas, and my computer",Coffee,@bikerac_,https://bikerac.myportfolio.com/ ,9/25 Friday 5pm,Yes,Just a space for me to make art that’s mine 
2026-9-22 下午05:59:53,Elle,3474508508,Textiles. Handsewing.,Not equipment more like hand tools for sewing ,,Elleira_ie,Elleira_ie,9/25 Friday 5pm,Yes,A safe space! 
2026-9-22 下午09:53:11,Tori Cho,9175758867,"I work in sculpture and performance and painting, using industrial and bodily materials to create conditions that behave like bodies. My practice revolves around an ongoing project I call “pervert theory,” where perversion becomes a way of questioning the boundaries placed around the body. I question what is considered moral or immoral, clean or disgusting. I’m interested in bodily regulation, theology, desire, and the erotic potential of containment, penetration, leakage, and collapse.","Painting supplies, sculptures for documentation/install, camera for shooting, sculptural materials (mold making, building materials, etc.)","Lights, Printers(2d&3d, materials not included)",@pervertheory,toricho.com,9/27 Sunday 5pm,Yes,"I hope to find community and collaboration between the artists and the space, to be able to productively work in a shared creative space with other artists and grow as a collective. I would like to use the space for installation and documentation for my work as well as making in the space. Having a large space to document works will be very important as that is a crucial part in my work. "
2026-9-22 下午09:58:53,Tianyun Chen (spec collective),6174354574,"I'm a gallery&bookstore worker, research artist and publisher based in Ridgewood. My personal art practice concerns topics of personal/familial history and urban/architectural studies, takes shape in photo prints, writings, books and video installations. As a gallery worker, I'm also interesting in curating the gallery space. The publishing collective makes artist books, photobooks, zines and various prints. One of the collective members also takes interest in music recording, producing and DJ-ing.",A 44in Epson inkjet plotter printer. Maybe a single work desk for laptop and paper cutter.,"Lights, DJ Station, Speakers, Printers(2d&3d, materials not included), Coffee",@spec.collective @melo.imaging,https://drive.google.com/file/d/1X4RJXQFmCRyNg9kfEkj1go3Qs4Fr_frT/view?usp=sharing,9/25 Friday 5pm,Yes,Opportunities in exposure and forming connections with artists and art lovers in the area & Would be great if you are open to community event / workshop proposals.
2026-9-23 上午12:50:42,Eevee,917-601-1762 (currently touring abroad so if you need to contact me before oct 2nd please do so on whatsapp or instagram),"I am a tattoo artist doing exclusively freehand original work, i am interested in art that flows naturally on the body and creating tattoos that are personal to each individual. I also am interested in screen printing and film development and if I get supplies for that I would bring it to the studio for everyone to use as well. ","Tattoo bed, husky rolling shelf, plus all necessary tattoo supplies ","Lights, Speakers, Projectors, Coffee, Books",@elder.wizard,@elderwizards.magicstickers,9/27 Sunday 5pm,Yes,"A respectful and encouraging environment where we can inspire each other to take our projects further, thats something I really look for and why I prefer mixed studios as opposed to tattoo-only studios "
2026-9-23 上午04:08:27,Vilma Duplantier,3322483438,"Multimedia for animal rights. Including performance, sculpture, video, sound, photography","Canvas, camera, paint- its minimal","Lights, Printers(2d&3d, materials not included), Projectors, Coffee",@artemisbeasts,https://www.artemisbeasts.com/,9/27 Sunday 5pm,Yes,When I don’t expect I receive 
2026-9-23 上午05:35:26,Lori ortiz,917-697-6274,Painting (oil) ,"Small cabinet for supplies, paintings, maybe easel or drawing table",,Lorionyc,Loriortiz.com,9/25 Friday 5pm,Yes,"Inspiration, natural light (window), dedicated space "
2026-9-23 上午05:42:03,nikki hartmann,2676325959,"I am an animator working from home and I would like a space where I can not only wfh but also create. I craft, do ceramics, paint, tattoo etc. ","idk a little of everything for crafting sewing, tattooing not really any like equipment persay","Printers(2d&3d, materials not included), Projectors, Coffee, Books",@bowsonteeth @nikki.hartmaann @artloststudios ,none ,9/27 Sunday 5pm,Yes,Nothing rlly just want a space where I can create 
2026-9-23 上午07:00:45,Sekou Copeland,4706363881,"Hello my name is Kouza, a 21 year old painter raised in Atlanta Ga in a he metro area. Growing up i was exposed to the extreme class differences in my community compared to in other areas. This caused me to learn of my people history in this country and the world. I now create philosophical paintings in the hopes of communicating deep messages in a digestible style for everyone. As i age and learn new things and experiences im sure my art will just expand and become more and more detailed","A lot of paints, spraypaint, canvas rolls, tape, couch, table, chairs, backdrop, lights, projector, ","Speakers, Coffee, Books",@Kouza.0,Livetilldeath.shop.com,"9/25 Friday 5pm, 9/26 Saturday 5pm, 9/27 Sunday 5pm",Yes,A clear line of communication on rules and facilities procedures. A respectful relationship between me and the facilities management. 24/7 access. 
2026-9-23 上午07:10:21,Hand Coffman ,812-881-9521 ,I make paintings to explore repressed memories and emotions.I do layers of expressive and abstract painting to reveal things unknown. ,"Easel, canvases, paint, table ","Cameras, Lights, Printers(2d&3d, materials not included), Coffee",@gendergoblin2023,Artbyhand4u.com,9/27 Sunday 5pm,Yes,I need a area to create and be inspired and not restricted by space. I would love to create with a group of artists. I want to start creating larger works and need a space to do so. 
2026-9-23 上午07:24:24,Hayden Brown,8022821410,Militant Scabs from the soul . Paint + Audio . I approach art as an athlete . I work mostly in acrylics but I’m branching into oils as well . Some spray paint ,"Large Canvas rolls , brushes and paints . Staple gun, easels. ","DJ Station, Coffee, Books",slashamanabdul,https://drive.google.com/drive/mobile/folders/1wZDsroxTXZtxBSEzHrCwlRodaSOfmkxF?dmr=1&ec=wgc-drive-%5Bmodule%5D-goto&sort=13&direction=a,9/25 Friday 5pm,Yes,Enough privacy to work and enough interaction to be inspired
2026-9-23 上午09:32:33,Chad eary ,8022360129,Projection Mapping. Immersive AV art / photo / video ,Projector / laser / server. All equipment can be set up and removed at each session,"Lights, Projectors",@csebeats,,9/27 Sunday 5pm,Yes,A inspiration space where I can make my art and meet other artists!!
2026-9-23 上午10:33:32,Alexander Kwabena Dwumor ,0508013460,"Neo-expression,philosophical arts ",My iPad and phone and a sketchbook ,"Cameras, Lights, DJ Station, Speakers, Printers(2d&3d, materials not included), Projectors, Coffee, Books",Creative Aalex ,,9/25 Friday 5pm,Yes,To be selected!
2026-9-23 上午10:34:14,Abdallatif Ali,862- 2362831,"I’m Sudanese fresh immigrant using photography medium to approach topics of immigration, social justice, the decline of LQBTQ+ rights and nightlife ",Camera ,"Cameras, Lights, DJ Station, Printers(2d&3d, materials not included)",@lotfi_eltayeb,,9/27 Sunday 5pm,Yes,Just little space and be surrounded by creative energy and inspiration 
2026-9-23 上午10:43:25,Michelle Biagi,2127774780,"Hi! I'm a full time photographer base in NYC, I photograph events, unit stills, exhibition documentation and portraits. For my personal work i'm currently working on a book, which is a series of portraits of Chinese adoptees from the one child policy. I have set up a small studio in my apartment for my personal project, but the more i work on it,  the more i realize i need more space.","I would bring some of my lights, backdrops, stands, etc, but if that's too much i dont mind just bringing office supplies and such. ","Lights, Coffee",michellebiagi,michellebiagi.com,9/27 Sunday 5pm,Yes,"I have two shoots on all three days for the open house, and I unfortunately cannot make it. Is there any chance i can come and visit within the next week? (212)777-4780, michellebiagi@icloud.com"
2026-9-23 上午11:36:18,Danielle Gadus,217-512-0019,"My primary materials are silk + elemental forces. The core components of my work are: body + space + presence.

Exploring silk in relation to architecture reveals material and environmental dualities: light and shadow, tension and flow, gravity and weightlessness. By investigating dualities within inhabited space, I employ form as social metaphor, questioning dynamics of power, restraint, and release.

Silk transforms through dyeing processes and entropic conditions. I move from intentional binding and dyeing toward surrender to the unknown, as pigment creates unpredictable patterns.

Varying degrees of tension or flow interrupt or embody the movement inherent in the material. Stillness and ephemerality bring awareness to time and the present moment. The viewer-participant engages the work physically and sensually/somatically through movement. Drawing from a lineage of feminine mystics across cultures, I invite a direct encounter with body and space, where liberation is experienced in the here and now.
","I work with pretty minimal materials, but I have basic sewing equipment","Cameras, Lights, Printers(2d&3d, materials not included), Coffee",@daniellegadus,https://daniellegadus.com/   *please note this site is under construction so appearance and info may change :) ,9/27 Sunday 5pm,Yes,"space to work , community dialogue , discourse , critical feedback and high standards , space for hosting small community happenings and gatherings"
2026-9-23 上午11:46:58,Danielle Parsons,310-903-1644,"Through my practice I explore and reveal hidden realities that exist all around us and support our lived experience, both organic and technological. I am fascinated by the mechanics of self-organization in nature. I film and photograph through microscopes. My subjects are living, sculptural, and chemical, and my  work sometimes incorporates animation and craft materials. I collaborate with musicians, which can be done on or off site. In my current artist residency at BioBAT Art Space I host informal gatherings with live microscopy projections, live scores, and conversation.","A steel desk, several microscopes, digital camera, 4K projector, related accessories","Printers(2d&3d, materials not included), Coffee, Books",@wondersciencetv,Wonderscience.art,,Yes,"A science art community. Curators coming through is a plus! * I am out of town in Los Angeles, so cannot make those dates.
Really interested though! Might there be a work around? Virtual tour perhaps?"
2026-9-23 下午12:55:33,Jake Gibson,9147155574,"I am filmmaker, illustrator and inventor. Currently I am working on designing functional art products. I have raised money for a cup that floats in water (@bubblestarcup on ig) and I plan to design and prototype more products. That’s why I would like to join this space. I have only a FDM 3D printer to bring into the space. ◡̈ I might utilize the photo equipment, I have my own cinema camera equipment that I can bring as well.",FDM 3D Printer. Blackmagic Cinema Camera and Lenses,"Lights, Printers(2d&3d, materials not included)",@jakeyboyxl,,9/25 Friday 5pm,Yes,Kindness
2026-9-23 下午01:29:02,Corey Robinson,973-202-3826,"I work on my painting/sculpture practice and 1of1 clothing design. I use mostly acrylic paint and pastes, squeeze bags, glue, wood. Jig saw sometimes. I like to paint textured warped landscapes and abstracted “creatures”. 

I translate my painting style to clothing by screen printing, sewing and painting.

I love having art shows and having friends come together with different mediums like music to put on gallery events. ","Paint, canvas, wooden boards, clothing, clothing rack, sewing machine, tools, storage closet. I’d most likely take any equiptment you offer. ","DJ Station, Speakers, Printers(2d&3d, materials not included), Projectors, Coffee, Books",@coreymrobinson,www.submergeyourself.com,9/27 Sunday 5pm,Yes,"Good communication, good vibes, Thank you!"
2026-9-23 下午01:44:06,Ryder Mamo,646-812-5438,"Musician, performance artist, sculptor","small sculpture material, stone tools","Lights, Speakers, Coffee",@rydermamo,https://temprecordings.com/,9/25 Friday 5pm,Yes,A phone call! :)
2026-9-23 下午01:45:47,Camoni McClellan ,3138066123,Interdisciplinary with skills in digital sculpture to slip casting. Oil painting on the side for commissions and visual and sound effects when working with events.,I have my own studio for exhibitions for college so I won’t be moving them around.,"Lights, DJ Station, Speakers, Printers(2d&3d, materials not included), Projectors, Coffee, Books",Monitsunami,None (Physical),9/27 Sunday 5pm,Yes,Knowledge of craftsmanship 
2026-9-23 下午01:55:36,Samuel Abelow,203 644 7411,"I work primarily on oil and acrylic paintings on canvas, showing them at a space I'm partners in on the Lower East Side. My topics are primarily spiritual and psychological, with figurative/narrative works in an expressionist style. I also run a social media business, so I like to photograph and video my work and projects a lot. Community is important to my work as the other half of the investigation and project.","Oil paint, brushes, canvas on stretchers, an easel and a palette cart.",,@samuelabelow,https://drive.google.com/file/d/1AdU19FmgjeB_mffGdLGS1K0JcJ5n48WL/view?usp=sharing,9/27 Sunday 5pm,Yes,Access and respectful coordination.
2026-9-23 下午02:48:56,Maryangela ,2103888486,Furniture and lighting design ,"Sewing machine, hand tools, sander. ","Cameras, Printers(2d&3d, materials not included), Coffee, Books",Maryangela_sanchez_rocca,https://msrstudio.cargo.site/,9/27 Sunday 5pm,Yes,
2026-9-23 下午03:42:30,Sky Morales,6465038178,"Sky tends to capture images of intimate experiences and later translates them into primarily oil paintings, screenprints and performance works. Sky has been exploring different ways to appreciate New York City in her art without the need to glorify the city. The only rule she had for her process was to stay true to her neighborhood, community, commute and passion for art. Sky’s work contains the ability to create an emotional archive anchored through visual storytelling. They tend to treat their paintings like film stills, using realism and observation to freeze scenes which might be overlooked otherwise. Within their art, she is able to hold on tighter to these temporary sockets of time we can often take for granted. In a way, the artwork they create captures that tension between what’s always shifting and what still feels familiar.","Paint equipment, canvases, oil paints, good vibes, wood, kindness, respect, speakers, cameras, ","Lights, Printers(2d&3d, materials not included), Projectors",@skysvineyard,https://docs.google.com/presentation/d/1-YfT-L4Arv2x0I31VcngfUuZExHYYsYgqY-Q2QHLC78/edit?usp=drivesdk,,Yes,"kindness, respect"
2026-9-23 下午03:59:05,Devin joos,6505758914,DeviseNYC is a sustainable fashion brand,"Sewing machine, fabric ",,@devinjoos @devisenyc,Www.DeviseNYC.com,"9/25 Friday 5pm, 9/26 Saturday 5pm, 9/27 Sunday 5pm",Yes,Just general consideration & kindness in a shared space :)
2026-9-23 下午04:06:02,Lucy Schwartzreich,914-954-4095,"I am an oil painter and sculptor living in Williamsburg, Brooklyn. Lately, my work has explored the contradictions of the female experience, the complications of navigating the space between wanting to be visible and wanting to shield oneself from public perception. My practice generally involves pinning canvas to a wall and painting from a small rolling cart. Figures and color are central to my work-- oftentimes I am using images of statues, friends, or performers as reference. ","A rolling cart for my palette, along with brushes and paint. ","Lights, Coffee, Books",@archivalucy,https://drive.google.com/file/d/1fhKXbJKiwb3bFdia46N0PN3G4ZayzcQL/view?usp=sharing,9/26 Saturday 5pm,Yes,"I expect a warm space to both collaborate with others and focus on my own practice. As a current member of the collective studio Future Space (formerly known as Kaleidoscope), I am well versed in the value and functions of communal studio spaces. I am now looking for a new studio setting to further my practice in with artists working towards the similar goal of showing work. "
2026-9-23 下午04:32:21,Lili Price,4157063943,"My conceptual surrealist photography depicts relationships between the self and its container, body and soul – alluding to issues of gender, beauty, mental health, and the nature of corporeality. Utilizing mirrors as practical distortion, I offer my models the opportunity to interact with their material bodies. As an invisibly-disabled young woman, I’m deeply invested in theories of selfhood, body-objecthood, and environment; my practice is rooted in research, drawing from existentialism and philosophy, psychology and neurology, surrealism and art history, and feminist, queer, and crip studies. Although I don’t usually think of my work as scientific, I am absolutely research inspired (including of science topics). I work as a digital photographer of people (models, dancers, actors, and anyone else who wants to participate in my kind of projects), but want to expand more into textural, physical work – so I occupy a space in between digital and physical art.","Central to my practice are my 30x40in mirrors. I will also bring my own photo equipment, including nanlights, collapsible softboxes and backdrop, and stands. Plus things I hope to experiment with: fabric and sewing equipment, adhesives and drawing materials. I can supply my own shelf for space-saving storage (which others would be welcome to use), and table.","Lights, Printers(2d&3d, materials not included)",@designedbylili,www.lilipriceportfolio.com,9/27 Sunday 5pm,Yes,"Simply put, I need space: both to work on tactile pieces, as well as shooting in the photo studio. I was so excited to see this opening because it offers both. I expect a small share of the artist studio to keep a desk to work on physical pieces, and store my equipment and material. I would be using the photo studio credit and included equipment, although I do have my own continuous lights and fabric backdrop I may be using in addition (depending on what’s available). I believe I would actively participate in the artist community, while causing very little disruption to the shared space. "
2026-9-23 下午04:50:30,Carey Linda Crooks,7572981884,"Oil painter and prototyper focusing on the materiality of technology. My practice moves between arts process and design research, especially exploring Al system interaction, minerals, and space exploration. Most recently painting Martian landscapes taken by the Perseverance Rover and developing hardware prototypes for non- anthropomorphized, intelligent devices.","Easel, utility cart, oil painting supplies, drop cloths, maker tools","Lights, Printers(2d&3d, materials not included)",@blue.blots,Careylindacrooks.com,9/26 Saturday 5pm,Yes,Creative community and space to create ambitious work; access to a 3D printer would be incredible!
2026-9-23 下午06:36:41,Qiaoyi,9172946851,"Digital, work on paper",Computer,Coffee,Qiaoyishi,www.qy-shi.com,9/26 Saturday 5pm,Yes,
2026-9-23 下午06:52:48,Zoe ,718-594-8675,"ZØ is a contemporary multidisciplinary artist working at the intersection of sound, visual art, fashion, and creative technology. Based in New York City, she operates through her studio entity StuDiØ ZØ, which she founded and runs as a single-member creative practice.
Across her six primary disciplines — DJing, music production, painting, fashion design, creative technology, and AI architecture — ZØ treats each medium as part of a single integrated ecosystem rather than as a separate career. DJ sets feed into generative paintings; paintings inform fashion silhouettes; fashion shapes live event design; events return to the music. This integrated approach is what she calls Ancient Futurism — a creative philosophy fusing monumental ancient aesthetics (temple geometry, sacred symbology, ritual form) with parametric design, generative art systems, and AI-native production tools.
","I have a pioneer XDJ AZ + CDJ 300X I can share / available to rent, Nikon DSLR 7200, a few lights, art supplies, etc. ","Cameras, Lights, Speakers, Coffee",@i.zo.zip,https://paythedolls.com/shop/studio-zo,9/25 Friday 5pm,Yes,"Community + other cool, creative people to make art, bounce ideas, work on cool projects, connect, network, & support each other 🧿✨"
2026-9-23 下午08:11:47,Jeewon Kim,2033900655,"I am a graphic designer / visual artist working across web and print. I’m drawn to developing and repurposing tools and technologies, translation as language and a design methodology, and creating pleasant frictions.","Probably my laptop, maybe some gouache painting materials","Cameras, Printers(2d&3d, materials not included), Projectors",@jeeonekim,www.jeewonkim.work,9/26 Saturday 5pm,Yes,Meeting amazing new people in a collaborative environment!
2026-9-23 下午08:27:49,Fumi Hata,8083895048,"silver clay jewelry & portrait photography, with a focus on honoring my creative collaborators & peers through jewelry-making & documentary portraits. i’ve had to pause on both mediums due to not having the space; hope this opening can change that ! ","very small kiln, jewelry tumbler, organizer for bits & bobs; everything would fit on a desk. i can bring my own desk if there are none available.

separately, i may also use the space for photos, in which case (very rarely) i may bring a v-flat or a background on occasion, or reflector, soft box, and other light photo equipment. however normally i just utilize natural light from a cloudy day, so the shoots wouldn’t be too time-consuming or high-maintenance.",,"@polishingrings for jewelry, @polishingmirror for myself",https://we.tl/t-4iGArd6xyrPt3qd2,9/25 Friday 5pm,Yes,to learn more about house rules <3
2026-9-23 下午08:42:22,Samantha Alvarez,9294977783,"My work explores the relationships people create with memories, trauma and how it affects mental health. My approach is achieved through portraiture and surreal paintings that mimic dreams and film scripts I write. I am also a filmmaker, so at Yituo studio I would like to create a series of paintings that tell one story (like a short film), about the relationship people have with death.","Portable easel, large canvases, acrylic paints, camera, clamp lights, books","Printers(2d&3d, materials not included), Projectors",samwithamoviecamera,https://drive.google.com/file/d/11NmllmY-R3FnIT_4UYwj03k675_4qGzC/view?usp=drivesdk,9/26 Saturday 5pm,Yes,I appreciate the opportunity to apply for a studio space to create more work.
2026-9-23 下午11:42:38,Janeiry Martinez ,9294518081,I make weird art. I want to expand my portfolio. In a weird and new in the perspective of individuals being unique. Each person having their story line.,2 racks 6ft ,"Cameras, Lights, Printers(2d&3d, materials not included), Projectors",@janeiry_m,@Janeiry_m,9/25 Friday 5pm,Yes,A amazing chance to create something special in this world 
2026-9-24 上午08:59:36,Randall Xiao,4843588315,"Randall Junyu Xiao (肖俊宇) (b. Shenzhen, China) is an editorial and commercial photographer based in New York City, specializing in sports and entertainment. His work has been commissioned by brands including Nike, Adidas, On, Bandit, OPPO/Hasselblad, MLB, and NBA, and publications like National Geographic and ESPN. He moved to Buffalo, New York at fourteen, an experience that first drew him into American sports culture and, in turn, into photography. He is a graduate of the University of Michigan.

A master of slow shutter in fast moving events, Xiao approaches photography the way a musician approaches an instrument. He treats composition, technique, and color as a working vocabulary, learned deeply enough to be played with rather than followed. Much like a jazz musician improvising within a structure, his images favor a strong sense of play and spontaneity. This sensibility informs both his editorial work and his personal practice, where he continues to explore the space between commercial precision and creative freedom. ","During shoots I'll be bringing my own camera kit, tethering setup, lightings and grips.",Lights,https://www.instagram.com/randysfoto/,,9/25 Friday 5pm,Yes,
2026-9-24 上午09:04:02,Mia Lee Broadie,9295043787,"Mixed-media artist with a focus in photography, cyanotypes & weaving. ","Mainly photo & cyanotype supplies. Possibly a printer, looking for space to do large format cyanotypes and negatives.","Printers(2d&3d, materials not included), Coffee",M14lee,,9/25 Friday 5pm,Yes,Communication and respect.
2026-9-24 上午09:26:51,Elizabeth Gordon Stilwell,201-588-0624,"My work is transdisciplinary, collapsing boundaries between contemporary craft, sculpture, design, installation, and participatory art. I also work with the material I can find rather than the material I might ideally purchase; this self-imposed limitation drives experimentation and creative problem-solving. I work in a small studio at my apartment and this larger space would allow me to work on a huge American Flag I've been saving. I will be sewing over it and projecting video onto it. I'd be grateful to have the space and other artists around as I work on this ambitious piece! ","Small tools, a laptop","Lights, Speakers, Printers(2d&3d, materials not included), Projectors, Coffee, Books",@elizabethstilwell,https://www.elizabethstilwell.com/,"9/25 Friday 5pm, 9/26 Saturday 5pm",Yes,"I'm open to all opportunities and would love community, critique, and conversation with other artists. I would benefit from a naturally lighted place to photograph all of my pieces and an open space to do more large scale work. Guidance with open houses and shows would be awesome! Thank you for the opportunity. "
2026-9-24 上午09:30:13,Klara Grochulska,8042632731,"Oil painter, inspired by people and nature! I have painted on and off for a few years and would love the studio space as an opportunity to really lean in and create more. I have a full time day job, so would mainly use the studio over the weekends and after work when able.","Painting easel, canvas, equipment cart, paint, chair ",,"Personal, @gr0kla (making art insta soon) @klaragroart on TikTok ",www.klaragrochulska.com,"9/25 Friday 5pm, 9/26 Saturday 5pm, 9/27 Sunday 5pm",Yes,"Community, friendship, like minded space for creation <3"
2026-9-24 上午09:30:23,Klara Grochulska,8042632731,"Oil painter, inspired by people and nature! I have painted on and off for a few years and would love the studio space as an opportunity to really lean in and create more. I have a full time day job, so would mainly use the studio over the weekends and after work when able.","Painting easel, canvas, equipment cart, paint, chair ",,"Personal, @gr0kla (making art insta soon) @klaragroart on TikTok ",www.klaragrochulska.com,"9/25 Friday 5pm, 9/26 Saturday 5pm, 9/27 Sunday 5pm",Yes,"Community, friendship, like minded space for creation <3"